{"cameraMode":{"drawMode":0,"name":"Shaded","section":"Shading Mode"},"sceneLighting":false,"audioPlay":false,"sceneViewState":{"m_AlwaysRefresh":false,"showFog":true,"showSkybox":false,"showFlares":true,"showImageEffects":true,"showParticleSystems":true,"showVisualEffectGraphs":true,"m_FxEnabled":true},"in2DMode":false,"pivot":{"x":12.587006568908692,"y":1.9534159898757935,"z":-0.07230723649263382},"rotation":{"x":-0.00046452440437860787,"y":0.9972587823867798,"z":-0.07374128699302674,"w":-0.006281862501055002},"size":6.194899559020996,"orthographic":false}